listing_url;name;picture_url;host_picture_url
https://www.airbnb.com/rooms/26057;Lovely house - most attractive area;https://a0.muscache.com/pictures/miso/Hosting-26057/original/e9c69708-06a4-4e8e-9adb-61ebbcc3457a.jpeg;https://a0.muscache.com/im/users/109777/profile_pic/1359537563/original.jpg?
https://www.airbnb.com/rooms/26473;City Centre Townhouse Sleeps 1-10 persons;https://a0.muscache.com/pictures/8e132ba0-b68c-4878-92ae-2cf4476df95a.jpg;https://a0.muscache.com/im/pictures/user/8a185c6d-7f15-433d-aebd-b7c98b5409b3.jpg?
https://www.airbnb.com/rooms/456207;Spacious charming Apart. In vibrant N?rrebro;https://a0.muscache.com/pictures/86a27cd6-8840-412f-b96a-7c3a62ae12e1.jpg;https://a0.muscache.com/im/pictures/user/c8466a91-c64f-4be7-8868-4f085ba33139.jpg?
https://www.airbnb.com/rooms/691317;2-floors overlooking Marble Church;https://a0.muscache.com/pictures/20524552/7767af35_original.jpg;https://a0.muscache.com/im/users/3231818/profile_pic/1344759968/original.jpg?
https://www.airbnb.com/rooms/464413;Luxury Center City Apt w. Balcony;https://a0.muscache.com/pictures/17655832/21e681c0_original.jpg;https://a0.muscache.com/im/users/2307381/profile_pic/1336346365/original.jpg?
https://www.airbnb.com/rooms/37159;Unique space on greatest location;https://a0.muscache.com/pictures/936f0a23-4847-4f30-87f0-3ce15078c97c.jpg;https://a0.muscache.com/im/users/160390/profile_pic/1373180155/original.jpg?
https://www.airbnb.com/rooms/38499;0 min. from everything in Cph.;https://a0.muscache.com/pictures/miso/Hosting-38499/original/1de81634-39f5-4dc2-a97f-b5340d99a119.jpeg;https://a0.muscache.com/im/pictures/user/9df98f56-44e5-40a8-a71b-3f5c6d10c488.jpg?
https://www.airbnb.com/rooms/118649;Charming Center of Copenhagen;https://a0.muscache.com/pictures/42d913c2-80e1-44d4-9d16-f00f9dafa06e.jpg;https://a0.muscache.com/im/users/599145/profile_pic/1305705795/original.jpg?
https://www.airbnb.com/rooms/119322;Urban, cultural & child-friendly;https://a0.muscache.com/pictures/776258/04a8b657_original.jpg;https://a0.muscache.com/im/users/602647/profile_pic/1325762697/original.jpg?
